rgn_id,w_fis
4,0.847930315
8,0.847930315
3,5.86
5,0.847930315
11,0.847930315
1,0.847930315
10,0.847930315
7,0.847930315
2,0.847930315
6,0.847930315
9,0.847930315
