rgn_id,score
4,0.702440922
8,0.725683452
3,0.648208351
5,0.825109833
11,0.742857143
1,0.644334596
10,0.742857143
7,0.694693412
2,0.733430963
6,0.710188432
9,0.742857143
